"tag_id","tag_name"
1,Programming
2,Computer Science
3,Algorithms
4,Networking
5,Computer Networks
6,Internet
7,Web Development
8,HTML
9,CSS
10,JavaScript
11,Frontend
12,Backend
13,Machine Learning
14,Deep Learning
15,Neural Networks
16,Artificial Intelligence
17,Cybersecurity
18,Security
19,Encryption
20,Data Protection
21,NLP
22,Text Processing
23,Language Understanding
24,Machine Translation
25,Databases
26,SQL
27,NoSQL
28,Relational Databases
29,Database Design
30,Robotics
31,Automation
32,Machine Vision
33,Control Systems
34,Quantum Computing
35,Quantum Mechanics
36,Quantum Algorithms
37,Quantum Cryptography
38,App Development
39,Android
40,iOS
41,React Native
42,Mobile UI/UX
43,Advanced Programming
44,Advanced Networking
45,Advanced Web Design
46,Advanced Machine Learning
47,Advanced Cybersecurity
48,Advanced NLP
49,Advanced SQL
50,Advanced Robotics
51,Quantum Algorithms
52,iOS App Development
53,Android App Development
54,Flutter
55,Advanced Penetration Testing
56,Data Structures
57,Problem Solving
58,Firewalls
59,Intrusion Detection Systems
60,Full Stack Development
61,Supervised Learning
62,Unsupervised Learning
63,Reinforcement Learning
64,Information Assurance
65,Risk Management
66,Security Policies
67,Text Mining
68,Sentiment Analysis
69,Named Entity Recognition
70,ETL Processes
71,Data Modeling
72,OLAP
73,Humanoid Robot Design
74,Human-Robot Interaction
75,Quantum Key Distribution
76,Post-Quantum Cryptography
77,Cross-Platform Development
78,Network Security Policies
79,Incident Response
80,Forensics
81,Memory Management
82,Process Scheduling
83,File Systems
84,Cloud Computing
85,Virtualization
86,Cloud Security
87,Responsive UI Design
88,Mobile-First Development
89,Markov Decision Processes
90,Q-Learning
91,Policy Gradients
92,Threat Detection
93,Threat Analysis
94,Security Incident Response
95,Neural Machine Translation
96,Statistical Machine Translation
97,Document Databases
98,Graph Databases
99,Key-Value Stores
100,Self-Driving Cars
101,Autonomous Navigation
102,Vehicle Control Systems
103,Service Workers
104,Web App Manifests
105,Offline Support
106,Mobile Device Management
107,Mobile Threat Defense
108,Rendering Techniques
109,Computer Animation
110,"3D Modeling"
111,Wi-Fi Networks
112,Cellular Networks
113,Wireless Security
114,React
115,Angular
116,Vue.js
117,GANs
118,Deep Generative Models
119,Conditional GANs
120,GDPR
121,CCPA
122,Data Protection Regulations
123,Search Engines
124,Information Extraction
125,Text Indexing
126,Blockchain Technology
127,Distributed Ledger
128,DApps
129,Collaborative Robotics
130,Task Allocation
131,Robot-Human Interaction
132,Quantum Key Distribution Protocols
133,Quantum Cryptanalysis
134,AR Development
135,Unity Development
136,Vuforia
137,Cloud Security Architecture
138,Identity and Access Management
139,Software Development Life Cycle
140,Agile Methodology
141,Software Testing
142,Packet Analysis
143,Network Traffic Analysis
144,SPA Development
145,RNNs
146,LSTM
147,GRU
148,Sequence Modeling
149,SOC Monitoring
150,Threat Hunting
151,Opinion Mining
152,Subjectivity Analysis
153,Hadoop
154,Spark
155,Big Data Processing
156,Bio-Inspired Robotics
157,Biomimicry
158,Robotic Exoskeletons
159,Quantum Entanglement
160,Quantum Superposition
161,VR Development
162,Unity
163,"360-degree Videos"
164,Wireless Security Protocols
165,"802.11 Security"
166,Cloud Deployment Models
167,Cloud Service Models
168,SDN
169,OpenFlow
170,Network Virtualization
171,CNNs
172,Image Recognition
173,Threat Hunting
174,Indicator of Compromise
175,IOC Analysis
176,NER Systems
177,Entity Extraction
178,Association Rule Mining
179,Clustering
180,Classification
181,Robotic Assistive Technologies
182,Quantum Computing Algorithms
183,Quantum Simulations
184,Game Design
185,Mobile Gaming Platforms
186,Wi-Fi Penetration Testing
187,Bluetooth Hacking
188,AI
189,IoT
190,Smart Devices
191,Embedded Systems
192,Node.js
193,Django
194,Spring Boot
195,Object Detection
196,Image Segmentation
197,Feature Extraction
198,Cyber Incident Response
199,Security Breach Management
200,Text Summarization
201,Document Understanding
202,Flexible Robotics
203,Soft Grippers
204,Soft Actuators
205,Quantum Neural Networks
206,Quantum Data Processing
207,Mobile App Security Testing
208,Secure Mobile Development
209,SIEM Solutions
210,Log Management
211,Security Analytics
212,Cloud Security Controls
213,Cloud Compliance Frameworks
214,VPN Protocols
215,VPN Encryption
216,Remote Access VPNs
217,Serverless Computing
218,Function as a Service (FaaS)
219,Transfer Learning Techniques
220,Pre-trained Models
221,Security Frameworks
222,Security Models
223,Security Patterns
224,Text Generation
225,Conversational Agents
226,Privacy-Enhancing Technologies
227,Privacy by Design
228,Industrial Robotics
229,Medical Robotics
230,Space Robotics
231,Quantum-Safe Cryptography
232,Quantum-Resistant Algorithms
233,PWA Development
234,Pen Testing Tools
235,Vulnerability Scanning
236,QA Processes
237,Test Automation
238,Quality Metrics
239,Network Automation Tools
240,Python for Network Automation
241,Jekyll
242,Hugo
243,Gatsby
244,NLP with Deep Learning
245,Security Policies
246,Compliance Frameworks
247,Conversational AI
248,Chatbots
249,Virtual Assistants
250,Elasticsearch
251,Kafka
252,Swarm Algorithms
253,Collective Robotics
254,Multi-Robot Systems
255,Quantum Circuit Simulations
256,Quantum Algorithm Simulators
257,Mobile UI/UX Principles
258,Responsive Design
259,OWASP Top 10
260,Vulnerability Assessment
261,data analysis
262,data preprocessing
263,data preperation
